,username,location,following,followers,totaltweets,retweets,text,hashtags,time
0,MiEpochTimes,"Detroit, Michigan",62,970,28870,13,"For scammers, 2020 was an unforgettable year.

The distribution of #Stimulus checks gave fraudsters plenty of opportunities to carry out scams. https://t.co/MJOt9xvuYA",['Stimulus'],2021-07-05 19:07:55
1,crissha2016,üó∫,211,233,73958,13,"For scammers, 2020 was an unforgettable year.

The distribution of #Stimulus checks gave fraudsters plenty of opportunities to carry out scams. https://t.co/MJOt9xvuYA",['Stimulus'],2021-07-05 19:06:43
2,etaxamerica,United States,391,27,936,0,"Stimulus Check Update: Where Does The Fourth Stimulus Check Stand?

https://t.co/eYl04eETtV
.
.
.
.
.
#stimulus #stimuluscheck #fourthstimulsround #FOURTHSTIMULUS #coronavirus #stimuluspackage #pandemic #stimuluschecks #usa #america #President #joebiden #AmericanRescuePlan https://t.co/otMcoZgPtb","['stimulus', 'stimuluscheck', 'fourthstimulsround', 'FOURTHSTIMULUS', 'coronavirus', 'stimuluspackage', 'pandemic', 'stimuluschecks', 'usa', 'america', 'President', 'joebiden', 'AmericanRescuePlan']",2021-07-05 18:08:37
3,virgpitt,Yachats Oregon,2082,918,38247,13,"For scammers, 2020 was an unforgettable year.

The distribution of #Stimulus checks gave fraudsters plenty of opportunities to carry out scams. https://t.co/MJOt9xvuYA",['Stimulus'],2021-07-05 17:44:23
4,Vlog_Do_Rui,"Bombarral, Portugal",1055,1250,22878,13,"For scammers, 2020 was an unforgettable year.

The distribution of #Stimulus checks gave fraudsters plenty of opportunities to carry out scams. https://t.co/MJOt9xvuYA",['Stimulus'],2021-07-05 17:44:19
5,Mar974988,Moving again.,1771,579,104644,13,"For scammers, 2020 was an unforgettable year.

The distribution of #Stimulus checks gave fraudsters plenty of opportunities to carry out scams. https://t.co/MJOt9xvuYA",['Stimulus'],2021-07-05 17:41:22
6,ailermaria,Miami,611,4691,15411,13,"For scammers, 2020 was an unforgettable year.

The distribution of #Stimulus checks gave fraudsters plenty of opportunities to carry out scams. https://t.co/MJOt9xvuYA",['Stimulus'],2021-07-05 17:41:11
7,jhpadillaleal,Mexico,1605,957,121082,13,"For scammers, 2020 was an unforgettable year.

The distribution of #Stimulus checks gave fraudsters plenty of opportunities to carry out scams. https://t.co/MJOt9xvuYA",['Stimulus'],2021-07-05 17:41:09
8,TruthIndigo,"Miami, Fl",645,156,17245,13,"For scammers, 2020 was an unforgettable year.

The distribution of #Stimulus checks gave fraudsters plenty of opportunities to carry out scams. https://t.co/MJOt9xvuYA",['Stimulus'],2021-07-05 17:40:20
9,EpochTimes,"New York, USA",79,416126,197576,13,"For scammers, 2020 was an unforgettable year.

The distribution of #Stimulus checks gave fraudsters plenty of opportunities to carry out scams. https://t.co/MJOt9xvuYA",['Stimulus'],2021-07-05 17:40:08
10,CushnerCapital,"Fallbrook, CA",822,295,4876,2,"Americans who qualify to start receiving ""family stimulus checks"" can now easily enroll for ‚Äî or opt out of ‚Äî the payments. ‚úÖ #stimulus  #covid19 https://t.co/yaHeAtrK0c",[],2021-07-02 20:23:30
11,ChaseBoye1,Where The World Gets Wider‚úàÔ∏è,3339,6958,19843,32,"üåêTTMWWüåê‚Ñ¢‚ñ´#JoeBiden unveils  1.9 trillion dollar #stimulus plan. W/ the  democrats in control &amp; #MitchMcConnell on board; things areas looking up. However, Americans are not counted out as of yet. Who wants that $2k #stimulus check... recurring? Lmk
CB https://t.co/r3W18L6ORy","['JoeBiden', 'stimulus', 'MitchMcConnell']",2021-07-01 06:26:53
12,KPMueller,New Jersey,1175,2186,4863,0,"Child tax credit update: You can now change your direct deposit information, IRS says #ChildTaxCredit #Stimulus 
https://t.co/RZBGtAsCBu","['ChildTaxCredit', 'Stimulus']",2021-06-30 20:24:16
13,RealPhatsBlog,North America,987,6706,86016,0,"Supreme Court leaves CDC eviction moratorium in place
#Congress 
#Senate
#Stimulus
#StimulusChecks
#NancyPelosi
#ChuckSchumer 
#JoeBiden
#COVID19
#TreasuryDept
#Economy
#Pandemic
#SmallBusiness 
#PPP
#UnemploymentBenefits 
#StateAid
https://t.co/K7xKlLeqPj","['Congress', 'Senate', 'Stimulus', 'StimulusChecks', 'NancyPelosi', 'ChuckSchumer', 'JoeBiden', 'COVID19', 'TreasuryDept', 'Economy', 'Pandemic', 'SmallBusiness', 'PPP', 'UnemploymentBenefits', 'StateAid']",2021-06-30 11:56:10
14,FreeTaxPrepLA,"Los Angeles, CA",277,334,4036,2,The #IRS FAQ's on Economic Impact Payments can help address many questions around the relief payments and more. Visit https://t.co/lcA4P6YABc. #stimulus https://t.co/Aygbd88Lpi,['IRS'],2021-06-29 21:25:21
15,LizbethFriedman,Musicking Explorer,1532,472,13554,2,The #IRS FAQ's on Economic Impact Payments can help address many questions around the relief payments and more. Visit https://t.co/lcA4P6YABc. #stimulus https://t.co/Aygbd88Lpi,['IRS'],2021-06-29 19:06:43
16,YourVoiceAtIRS,United States,306,35618,11348,2,The #IRS FAQ's on Economic Impact Payments can help address many questions around the relief payments and more. Visit https://t.co/lcA4P6YABc. #stimulus https://t.co/Aygbd88Lpi,"['IRS', 'stimulus']",2021-06-29 19:01:39
17,AJWillisJR,Earth,6522,12566,140,0,Hey if he wanted the numbers past 70% he should‚Äôve put out a fourth stimulus check. duh!! #Covid #Stimuluscheck #Stimulus,"['Covid', 'Stimuluscheck', 'Stimulus']",2021-07-05 21:57:36
18,zackafriedman,"New York, NY",993,5016,3186,0,"Why Biden has focused on this student loan cancellation 

https://t.co/lHBAevI2ty

#biden #studentloans #college #debt #stimulus #Covid #covid19 #congress #money @yesmakelemonade @Forbes","['biden', 'studentloans', 'college', 'debt', 'stimulus', 'Covid', 'covid19', 'congress', 'money']",2021-07-05 19:20:53
19,mishaklaw,"North Ridgeville, OH",119,64,11662,0,Covid Relief Stimulus: Where‚Äôs My Payment? https://t.co/0UsVXLrThq #covidrelief #currentevents #getmypayment #stimulus,"['covidrelief', 'currentevents', 'getmypayment', 'stimulus']",2021-07-05 18:39:23
20,TreasuryCurve,"Silicon Valley, CA",971,941,10827,0,Treasury Curve will provide free technology to ensure public sector entities have the tools to prudently &amp; efficiently manage #COVID-19 #stimulus cash. Join the conversation here. https://t.co/HQ8NJjV6gI #publicsector #stimuluspackage  #AmericanRescuePlanActof2021 https://t.co/IAsPBpcZGc,"['COVID', 'stimulus', 'publicsector', 'stimuluspackage', 'AmericanRescuePlanActof2021']",2021-07-02 15:00:05
21,AnyPollApp,United States,739,172,24991,0,Here's how Stamford's using millions of dollars in federal COVID-19 stimulus money... https://t.co/c31y2kSG7D #here #how #stamford #using #millions #of #dollars #in #federal #covid- #stimulus #money,"['here', 'how', 'stamford', 'using', 'millions', 'of', 'dollars', 'in', 'federal', 'covid', 'stimulus', 'money']",2021-07-02 11:19:17
23,Olgold96,Illinois,3799,3288,56209,7,"It took $138 billion in federal #COVID relief and stimulus for #Illinois to get the first upgrade to its credit rating in 20 years. Now it's rated two notches above junk. 

https://t.co/jAwkFoQmmf #twill #muniland #Covid_19 #Covid19 @GovPritzker @MoodysInvSvc #stimulus","['COVID', 'Illinois']",2021-07-02 04:53:26
24,mishaklaw,"North Ridgeville, OH",119,64,11662,0,Covid Relief Stimulus: Where‚Äôs My Payment? https://t.co/0UsVXLJu8Y #covidrelief #currentevents #getmypayment #stimulus,"['covidrelief', 'currentevents', 'getmypayment', 'stimulus']",2021-07-01 22:38:17
25,JessicahExhibit,Ohio,102,24,1853,0,"@KamalaHarris I've  contacted the IRS, The White House, @JoeBiden and no reply. I'm someone who was directly impacted by Covid yet I didn't receive the 3rd stimulus. It seems I'm always getting screwed over financially. #racistchildsupportsystem #Stimulus #suffering","['racistchildsupportsystem', 'Stimulus', 'suffering']",2021-07-01 21:42:12
27,rennymc33,"Boston, MA",922,73,2180,0,"@Combat__COVID @US_FDA Please help us #LongHaulers financially with #Stimulus money. We are the forgotten ones who are debilitated, struggling in so many ways and can‚Äôt work. #HelpLongHaulers #COVID19 @POTUS @VP @Surgeon_General @SocialSecurity @CDCDirector @CDCgov @IRSnews @AOC","['LongHaulers', 'Stimulus', 'HelpLongHaulers', 'COVID19']",2021-07-01 15:18:44
28,rennymc33,"Boston, MA",922,73,2180,0,"@Combat__COVID @CDCgov Please help us #LongHaulers financially with #Stimulus money. We are the forgotten ones who are debilitated, struggling in so many ways and can‚Äôt work. #HelpLongHaulers #COVID19 @POTUS @VP @Surgeon_General @SocialSecurity @CDCDirector @CDCgov @IRSnews @AOC","['LongHaulers', 'Stimulus', 'HelpLongHaulers', 'COVID19']",2021-07-01 15:18:35
29,rennymc33,"Boston, MA",922,73,2180,0,"@Combat__COVID @califf001 Please help us #LongHaulers financially with #Stimulus money. We are the forgotten ones who are debilitated, struggling in so many ways and can‚Äôt work. #HelpLongHaulers #COVID19 @POTUS @VP @Surgeon_General @SocialSecurity @CDCDirector @CDCgov @IRSnews @AOC","['LongHaulers', 'Stimulus', 'HelpLongHaulers', 'COVID19']",2021-07-01 15:18:12
30,rennymc33,"Boston, MA",922,73,2180,0,"@Combat__COVID @RMKGandhi @harvardmed @NIH Please help us #LongHaulers financially with #Stimulus money. We are the forgotten ones who are debilitated, struggling in so many ways and can‚Äôt work. #HelpLongHaulers #COVID19 @POTUS @VP @Surgeon_General @SocialSecurity @CDCDirector @CDCgov @IRSnews @AOC","['LongHaulers', 'Stimulus', 'HelpLongHaulers', 'COVID19']",2021-07-01 15:17:52
31,rennymc33,"Boston, MA",922,73,2180,0,"@Combat__COVID @NMQF Please help us #LongHaulers financially with #Stimulus money. We are the forgotten ones who are debilitated, struggling in so many ways and can‚Äôt work. #HelpLongHaulers #COVID19 @POTUS @VP @Surgeon_General @SocialSecurity @CDCDirector @CDCgov @IRSnews @AOC","['LongHaulers', 'Stimulus', 'HelpLongHaulers', 'COVID19']",2021-07-01 15:17:43
32,rennymc33,"Boston, MA",922,73,2180,0,"@Combat__COVID @Reuters Please help us #LongHaulers financially with #Stimulus money. We are the forgotten ones who are debilitated, struggling in so many ways and can‚Äôt work. #HelpLongHaulers #COVID19 @POTUS @VP @Surgeon_General @SocialSecurity @CDCDirector @CDCgov @IRSnews @AOC","['LongHaulers', 'Stimulus', 'HelpLongHaulers', 'COVID19']",2021-07-01 15:17:31
34,rennymc33,"Boston, MA",922,73,2180,0,"@Combat__COVID @DrKhaldun @HHS_ASPR Please help us #LongHaulers financially with #Stimulus money. We are the forgotten ones who are debilitated, struggling in so many ways and can‚Äôt work. #HelpLongHaulers #COVID19 @POTUS @VP @Surgeon_General @SocialSecurity @CDCDirector @CDCgov @IRSnews @AOC","['LongHaulers', 'Stimulus', 'HelpLongHaulers', 'COVID19']",2021-07-01 15:17:05
35,rennymc33,"Boston, MA",922,73,2180,0,"@HHSGov @Combat__COVID @SecBecerra @BrooksLaSureCMS Please help us #LongHaulers financially with #Stimulus money. We are the forgotten ones who are debilitated, struggling in so many ways and can‚Äôt work. #HelpLongHaulers #COVID19 @POTUS @VP @Surgeon_General @SocialSecurity @CDCDirector @CDCgov @IRSnews @AOC","['LongHaulers', 'Stimulus', 'HelpLongHaulers', 'COVID19']",2021-07-01 15:16:55
36,rennymc33,"Boston, MA",922,73,2180,0,"@HHSGov @Combat__COVID @BrooksLaSureCMS Please help us #LongHaulers financially with #Stimulus money. We are the forgotten ones who are debilitated, struggling in so many ways and can‚Äôt work. #HelpLongHaulers #COVID19 @POTUS @VP @Surgeon_General @SocialSecurity @CDCDirector @CDCgov @IRSnews @AOC","['LongHaulers', 'Stimulus', 'HelpLongHaulers', 'COVID19']",2021-07-01 15:16:44
38,rennymc33,"Boston, MA",922,73,2180,0,"@Combat__COVID @saintjohnsheals Please help us #LongHaulers financially with #Stimulus money. We are the forgotten ones who are debilitated, struggling in so many ways and can‚Äôt work. #HelpLongHaulers #COVID19 @POTUS @VP @Surgeon_General @SocialSecurity @CDCDirector @CDCgov @IRSnews @AOC","['LongHaulers', 'Stimulus', 'HelpLongHaulers', 'COVID19']",2021-07-01 15:16:17
39,rennymc33,"Boston, MA",922,73,2180,0,"@Combat__COVID @HHSGov @carlzimmer @nytimes Please help us #LongHaulers financially with #Stimulus money. We are the forgotten ones who are debilitated, struggling in so many ways and can‚Äôt work. #HelpLongHaulers #COVID19 @POTUS @VP @Surgeon_General @SocialSecurity @CDCDirector @CDCgov @IRSnews @AOC","['LongHaulers', 'Stimulus', 'HelpLongHaulers', 'COVID19']",2021-07-01 15:16:07
40,rennymc33,"Boston, MA",922,73,2180,0,"@Combat__COVID @NIH Please help us #LongHaulers financially with #Stimulus money. We are the forgotten ones who are debilitated, struggling in so many ways and can‚Äôt work. #HelpLongHaulers #COVID19 @POTUS @VP @Surgeon_General @SocialSecurity @CDCDirector @CDCgov @IRSnews @AOC","['LongHaulers', 'Stimulus', 'HelpLongHaulers', 'COVID19']",2021-07-01 15:15:58
41,rennymc33,"Boston, MA",922,73,2180,0,"@Combat__COVID @MDHealthDept @HHS_ASPR Please help us #LongHaulers financially with #Stimulus money. We are the forgotten ones who are debilitated, struggling in so many ways and can‚Äôt work. #HelpLongHaulers #COVID19 @POTUS @VP @Surgeon_General @SocialSecurity @CDCDirector @CDCgov @IRSnews @AOC","['LongHaulers', 'Stimulus', 'HelpLongHaulers', 'COVID19']",2021-07-01 15:15:47
42,rennymc33,"Boston, MA",922,73,2180,0,"@Combat__COVID @MrinalikaRoy @Reuters Please help us #LongHaulers financially with #Stimulus money. We are the forgotten ones who are debilitated, struggling in so many ways and can‚Äôt work. #HelpLongHaulers #COVID19 @POTUS @VP @Surgeon_General @SocialSecurity @CDCDirector @CDCgov @IRSnews @AOC","['LongHaulers', 'Stimulus', 'HelpLongHaulers', 'COVID19']",2021-07-01 15:15:38
43,rennymc33,"Boston, MA",922,73,2180,0,"@Combat__COVID @megtirrell @CNBC Please help us #LongHaulers financially with #Stimulus money. We are the forgotten ones who are debilitated, struggling in so many ways and can‚Äôt work. #HelpLongHaulers #COVID19 @POTUS @VP @Surgeon_General @SocialSecurity @CDCDirector @CDCgov @IRSnews @AOC","['LongHaulers', 'Stimulus', 'HelpLongHaulers', 'COVID19']",2021-07-01 15:15:30
46,rennymc33,"Boston, MA",922,73,2180,0,"@Combat__COVID Please help us #LongHaulers financially with #Stimulus money. We are the forgotten ones who are debilitated, struggling in so many ways and can‚Äôt work. #HelpLongHaulers #COVID19 @POTUS @VP @Surgeon_General @SocialSecurity @CDCDirector @CDCgov @IRSnews @AOC","['LongHaulers', 'Stimulus', 'HelpLongHaulers', 'COVID19']",2021-07-01 15:13:47
47,rennymc33,"Boston, MA",922,73,2180,0,"@Combat__COVID @BETAwards Please help us #LongHaulers financially with #Stimulus money. We are the forgotten ones who are debilitated, struggling in so many ways and can‚Äôt work. #HelpLongHaulers #COVID19 @POTUS @VP @Surgeon_General @SocialSecurity @CDCDirector @CDCgov @IRSnews @AOC","['LongHaulers', 'Stimulus', 'HelpLongHaulers', 'COVID19']",2021-07-01 15:13:37
48,rennymc33,"Boston, MA",922,73,2180,0,"@Combat__COVID @harvardmed Please help us #LongHaulers financially with #Stimulus money. We are the forgotten ones who are debilitated, struggling in so many ways and can‚Äôt work. #HelpLongHaulers #COVID19 @POTUS @VP @Surgeon_General @SocialSecurity @CDCDirector @CDCgov @IRSnews @AOC","['LongHaulers', 'Stimulus', 'HelpLongHaulers', 'COVID19']",2021-07-01 15:13:28
50,rennymc33,"Boston, MA",922,73,2180,0,"@Combat__COVID @HHS_ASPR @DrKhaldun Please help us #LongHaulers financially with #Stimulus money. We are the forgotten ones who are debilitated, struggling in so many ways and can‚Äôt work. #HelpLongHaulers #COVID19 @POTUS @VP @Surgeon_General @SocialSecurity @CDCDirector @CDCgov @IRSnews @AOC","['LongHaulers', 'Stimulus', 'HelpLongHaulers', 'COVID19']",2021-07-01 15:13:08
51,rennymc33,"Boston, MA",922,73,2180,0,"@ASPRgov @Combat__COVID Please help us #LongHaulers financially with #Stimulus money. We are the forgotten ones who are debilitated, struggling in so many ways and can‚Äôt work. #HelpLongHaulers #COVID19 @POTUS @VP @Surgeon_General @SocialSecurity @CDCDirector @CDCgov @IRSnews @AOC","['LongHaulers', 'Stimulus', 'HelpLongHaulers', 'COVID19']",2021-07-01 15:12:57
56,GlennonMarkE,"Chicago, IL",421,1142,8080,7,"It took $138 billion in federal #COVID relief and stimulus for #Illinois to get the first upgrade to its credit rating in 20 years. Now it's rated two notches above junk. 

https://t.co/jAwkFoQmmf #twill #muniland #Covid_19 #Covid19 @GovPritzker @MoodysInvSvc #stimulus","['COVID', 'Illinois']",2021-07-01 13:50:40
57,CookCountyGOP,"Cook County, IL",771,2041,5457,7,"It took $138 billion in federal #COVID relief and stimulus for #Illinois to get the first upgrade to its credit rating in 20 years. Now it's rated two notches above junk. 

https://t.co/jAwkFoQmmf #twill #muniland #Covid_19 #Covid19 @GovPritzker @MoodysInvSvc #stimulus","['COVID', 'Illinois']",2021-07-01 13:24:52
58,RealCodyHolt,"Elgin, IL",411,147,438,7,"It took $138 billion in federal #COVID relief and stimulus for #Illinois to get the first upgrade to its credit rating in 20 years. Now it's rated two notches above junk. 

https://t.co/jAwkFoQmmf #twill #muniland #Covid_19 #Covid19 @GovPritzker @MoodysInvSvc #stimulus","['COVID', 'Illinois']",2021-07-01 12:58:03
59,ALittleEdgy,Madiganistan,935,194,10602,7,"It took $138 billion in federal #COVID relief and stimulus for #Illinois to get the first upgrade to its credit rating in 20 years. Now it's rated two notches above junk. 

https://t.co/jAwkFoQmmf #twill #muniland #Covid_19 #Covid19 @GovPritzker @MoodysInvSvc #stimulus","['COVID', 'Illinois']",2021-07-01 12:18:15
60,helen_aavik,"Illinois, USA",215,744,132830,7,"It took $138 billion in federal #COVID relief and stimulus for #Illinois to get the first upgrade to its credit rating in 20 years. Now it's rated two notches above junk. 

https://t.co/jAwkFoQmmf #twill #muniland #Covid_19 #Covid19 @GovPritzker @MoodysInvSvc #stimulus","['COVID', 'Illinois']",2021-07-01 12:10:15
61,Wirepoints,"Chicago, IL",928,3047,14603,7,"It took $138 billion in federal #COVID relief and stimulus for #Illinois to get the first upgrade to its credit rating in 20 years. Now it's rated two notches above junk. 

https://t.co/jAwkFoQmmf #twill #muniland #Covid_19 #Covid19 @GovPritzker @MoodysInvSvc #stimulus","['COVID', 'Illinois', 'twill', 'muniland', 'Covid_19', 'Covid19', 'stimulus']",2021-07-01 12:01:06
62,Olgold96,Illinois,3799,3288,56209,8,"Op-ed: Millions wasted in #Chicago and #Illinois on #COVID-19 contact tracing. 

https://t.co/X9KCpWWmZQ #twill #muniland #covid19 #covid_19 #stimulus @GlennonMarkE","['Chicago', 'Illinois', 'COVID', 'twill', 'muniland']",2021-07-01 07:11:10
63,lof_man,Lifetime Illinoisan  ,144,21,1426,8,"Op-ed: Millions wasted in #Chicago and #Illinois on #COVID-19 contact tracing. 

https://t.co/X9KCpWWmZQ #twill #muniland #covid19 #covid_19 #stimulus @GlennonMarkE","['Chicago', 'Illinois', 'COVID', 'twill', 'muniland']",2021-06-30 20:46:51
64,eeners,"chicago, Il",2860,1302,40478,8,"Op-ed: Millions wasted in #Chicago and #Illinois on #COVID-19 contact tracing. 

https://t.co/X9KCpWWmZQ #twill #muniland #covid19 #covid_19 #stimulus @GlennonMarkE","['Chicago', 'Illinois', 'COVID', 'twill', 'muniland']",2021-06-30 16:00:01
65,FreedbyGrace17,"Belleville, IL",1939,1520,15021,8,"Op-ed: Millions wasted in #Chicago and #Illinois on #COVID-19 contact tracing. 

https://t.co/X9KCpWWmZQ #twill #muniland #covid19 #covid_19 #stimulus @GlennonMarkE","['Chicago', 'Illinois', 'COVID', 'twill', 'muniland']",2021-06-30 15:55:06
66,Chicago4L,"Chicago, IL",864,722,39547,8,"Op-ed: Millions wasted in #Chicago and #Illinois on #COVID-19 contact tracing. 

https://t.co/X9KCpWWmZQ #twill #muniland #covid19 #covid_19 #stimulus @GlennonMarkE","['Chicago', 'Illinois', 'COVID', 'twill', 'muniland']",2021-06-30 15:53:20
67,swizze_gfrank,üá∫üá∏üá∫üá∏üá∫üá∏üá∫üá∏üá∫üá∏,179,207,43658,8,"Op-ed: Millions wasted in #Chicago and #Illinois on #COVID-19 contact tracing. 

https://t.co/X9KCpWWmZQ #twill #muniland #covid19 #covid_19 #stimulus @GlennonMarkE","['Chicago', 'Illinois', 'COVID', 'twill', 'muniland']",2021-06-30 15:12:42
68,Wirepoints,"Chicago, IL",928,3047,14603,8,"Op-ed: Millions wasted in #Chicago and #Illinois on #COVID-19 contact tracing. 

https://t.co/X9KCpWWmZQ #twill #muniland #covid19 #covid_19 #stimulus @GlennonMarkE","['Chicago', 'Illinois', 'COVID', 'twill', 'muniland', 'covid19', 'covid_19', 'stimulus']",2021-06-30 14:38:32
69,SGMFX,"City of London, London",143,142,1819,0,"Morning Brief ‚Äì Eco Warriors - SGM-FX Innovative Foreign Exchange Services https://t.co/1oT5wdeu59
#electriccars #electricvehicles #environment #emissions #Chicago #Tesla #centralbanks #covid #stimulus #houseprices #UK #government #liquidity #EUR #USD #France #Euros #PinkFloyd","['electriccars', 'electricvehicles', 'environment', 'emissions', 'Chicago', 'Tesla', 'centralbanks', 'covid', 'stimulus', 'houseprices', 'UK', 'government', 'liquidity', 'EUR', 'USD', 'France', 'Euros', 'PinkFloyd']",2021-06-30 08:17:44
88,cgordini,"Ann Arbor, MI",80,124,18763,0,"@Porter_Anderson @JReinerMD @Acosta @GOP Special shoutout to @TimWalberg, who now claims he cares about #COVID19, after a year of inaction, and repeatedly voting (HEROES, ARP) against #stimulus checks to his constituents.

He has yet to admit being vaccinated - but he also has yet to admit he *lied* about the election.","['COVID19', 'stimulus']",2021-07-05 01:19:05
89,zackafriedman,"New York, NY",993,5016,3186,1,"President Biden may extend student loan relief, but there‚Äôs one major dilemma üëáüèªüëáüèª

https://t.co/JiZVenuNrW

#biden #studentloans #personalfinance #congress #stimulus #covid19 #money #studentloandebt @Forbes @yesmakelemonade","['biden', 'studentloans', 'personalfinance', 'congress', 'stimulus', 'covid19', 'money', 'studentloandebt']",2021-07-04 15:17:45
90,LegitUnlimited,United States,60,90,3207,1,Give $2000/month to every #American #moneyforthepeople #covid19 - #Sign the #Petition! https://t.co/DPou3gU6mP via @Change #Stimulus #Share #FinancialHelp #Stimy 500k to go !,"['American', 'moneyforthepeople', 'covid19', 'Sign', 'Petition']",2021-07-04 04:43:34
91,4dLoveofdogs,United States,2142,575,14482,1,Give $2000/month to every American #moneyforthepeople #covid19 - Sign the Petition! https://t.co/cOat3BO6PJ via @Change #stimulus #stimuluscheck #pandemic #pandemicrelief #survivalchecks #makebillionairespay #taxtherich #FightFor15 #15anhour,"['moneyforthepeople', 'covid19', 'stimulus', 'stimuluscheck', 'pandemic', 'pandemicrelief', 'survivalchecks', 'makebillionairespay', 'taxtherich', 'FightFor15', '15anhour']",2021-07-04 03:58:07
92,WeAteAllTheDodo,Corporate,1513,442,23331,0,"#Arkansas' #COVID19 cases doing anything but dropping.. That gap is because they've ""quit counting"" weekends. Sister's spouse's sister's child is sick and my nephew has at least a runny nose..

#UBI #StayHome #DeltaVariant #DeltaPlusVariant #remotelearning #Stimulus 

#pandemic https://t.co/ZYm42Tx2Kq","['Arkansas', 'COVID19', 'UBI', 'StayHome', 'DeltaVariant', 'DeltaPlusVariant', 'remotelearning', 'Stimulus', 'pandemic']",2021-07-03 22:08:01
93,BabyFledermaus,Under the Sea or in a Tree,555,639,18003,1,".@POTUS @VP @SenSanders I'm a recipient of SSDI and I have a family of 4 in Florida where they just ended my food assistance claiming I make too much money. I make $21k a year. Can someone explain me this math, because I don't understand it. #COVID19 #Stimulus",[],2021-07-03 03:27:42
94,ArmyOfEight,"Indianapolis, IN",356,206,7165,1,Give $2000/month to every American #moneyforthepeople #covid19 - Sign the Petition! https://t.co/CpHkSdi6v9 via @Change #Stimulus #COVID19,"['moneyforthepeople', 'covid19', 'Stimulus', 'COVID19']",2021-07-02 21:29:32
98,GHJ_Updates,"Los Angeles, CA",471,678,6306,0,How will businesses navigate uncertainty and #BusinessDisruption in 2021? #ICYMI watch the recording of GHJ‚Äôs #stimulus webinar with @FilmLA and @el_gallogiro about the #AmericanRescuePlanAct and #COVID19 recovery. https://t.co/uEBxw8J0PU #TogetherWeMakeItHappen @HLBI https://t.co/jnxuEZsjcc,"['BusinessDisruption', 'ICYMI', 'stimulus', 'AmericanRescuePlanAct', 'COVID19', 'TogetherWeMakeItHappen']",2021-07-01 22:40:07
99,rennymc33,"Boston, MA",922,73,2180,0,"@RepJoeNeguse Please help us #LongHaulers financially with #Stimulus money. We are the forgotten ones who are debilitated, struggling in so many ways and can‚Äôt work. #HelpLongHaulers #COVID19 @POTUS @VP @Surgeon_General @SocialSecurity @CDCDirector @CDCgov @IRSnews @AOC","['LongHaulers', 'Stimulus', 'HelpLongHaulers', 'COVID19']",2021-07-01 15:29:20
100,rennymc33,"Boston, MA",922,73,2180,0,"@StaceyPlaskett Please help us #LongHaulers financially with #Stimulus money. We are the forgotten ones who are debilitated, struggling in so many ways and can‚Äôt work. #HelpLongHaulers #COVID19 @POTUS @VP @Surgeon_General @SocialSecurity @CDCDirector @CDCgov @IRSnews @AOC","['LongHaulers', 'Stimulus', 'HelpLongHaulers', 'COVID19']",2021-07-01 15:28:44
101,rennymc33,"Boston, MA",922,73,2180,0,"@RepRaskin Please help us #LongHaulers financially with #Stimulus money. We are the forgotten ones who are debilitated, struggling in so many ways and can‚Äôt work. #HelpLongHaulers #COVID19 @POTUS @VP @Surgeon_General @SocialSecurity @CDCDirector @CDCgov @IRSnews @AOC","['LongHaulers', 'Stimulus', 'HelpLongHaulers', 'COVID19']",2021-07-01 15:28:28
102,rennymc33,"Boston, MA",922,73,2180,0,"@RepValDemings Please help us #LongHaulers financially with #Stimulus money. We are the forgotten ones who are debilitated, struggling in so many ways and can‚Äôt work. #HelpLongHaulers #COVID19 @POTUS @VP @Surgeon_General @SocialSecurity @CDCDirector @CDCgov @IRSnews @AOC","['LongHaulers', 'Stimulus', 'HelpLongHaulers', 'COVID19']",2021-07-01 15:28:15
104,rennymc33,"Boston, MA",922,73,2180,0,"@kasie @MSNBC @RepLizCheney Please help us #LongHaulers financially with #Stimulus money. We are the forgotten ones who are debilitated, struggling in so many ways and can‚Äôt work. #HelpLongHaulers #COVID19 @POTUS @VP @Surgeon_General @SocialSecurity @CDCDirector @CDCgov @IRSnews @AOC","['LongHaulers', 'Stimulus', 'HelpLongHaulers', 'COVID19']",2021-07-01 15:27:13
105,rennymc33,"Boston, MA",922,73,2180,0,"@NBCBLK @MSNBC Please help us #LongHaulers financially with #Stimulus money. We are the forgotten ones who are debilitated, struggling in so many ways and can‚Äôt work. #HelpLongHaulers #COVID19 @POTUS @VP @Surgeon_General @SocialSecurity @CDCDirector @CDCgov @IRSnews @AOC","['LongHaulers', 'Stimulus', 'HelpLongHaulers', 'COVID19']",2021-07-01 15:26:58
106,rennymc33,"Boston, MA",922,73,2180,0,"@KellyO @MSNBC @GovRonDeSantis Please help us #LongHaulers financially with #Stimulus money. We are the forgotten ones who are debilitated, struggling in so many ways and can‚Äôt work. #HelpLongHaulers #COVID19 @POTUS @VP @Surgeon_General @SocialSecurity @CDCDirector @CDCgov @IRSnews @AOC","['LongHaulers', 'Stimulus', 'HelpLongHaulers', 'COVID19']",2021-07-01 15:26:50
107,rennymc33,"Boston, MA",922,73,2180,0,"@mikememoli @MSNBC @POTUS @GovRonDeSantis Please help us #LongHaulers financially with #Stimulus money. We are the forgotten ones who are debilitated, struggling in so many ways and can‚Äôt work. #HelpLongHaulers #COVID19 @POTUS @VP @Surgeon_General @SocialSecurity @CDCDirector @CDCgov @IRSnews @AOC","['LongHaulers', 'Stimulus', 'HelpLongHaulers', 'COVID19']",2021-07-01 15:26:41
108,rennymc33,"Boston, MA",922,73,2180,0,"@GarrettHaake @MSNBC @Liz_Cheney @GOPLeader Please help us #LongHaulers financially with #Stimulus money. We are the forgotten ones who are debilitated, struggling in so many ways and can‚Äôt work. #HelpLongHaulers #COVID19 @POTUS @VP @Surgeon_General @SocialSecurity @CDCDirector @CDCgov @IRSnews @AOC","['LongHaulers', 'Stimulus', 'HelpLongHaulers', 'COVID19']",2021-07-01 15:26:33
109,rennymc33,"Boston, MA",922,73,2180,0,"@MSNBC Please help us #LongHaulers financially with #Stimulus money. We are the forgotten ones who are debilitated, struggling in so many ways and can‚Äôt work. #HelpLongHaulers #COVID19 @POTUS @VP @Surgeon_General @SocialSecurity @CDCDirector @CDCgov @IRSnews @AOC","['LongHaulers', 'Stimulus', 'HelpLongHaulers', 'COVID19']",2021-07-01 15:26:19
110,rennymc33,"Boston, MA",922,73,2180,0,"@RuhleOnMSNBC @MSNBC @RepSeanMaloney Please help us #LongHaulers financially with #Stimulus money. We are the forgotten ones who are debilitated, struggling in so many ways and can‚Äôt work. #HelpLongHaulers #COVID19 @POTUS @VP @Surgeon_General @SocialSecurity @CDCDirector @CDCgov @IRSnews @AOC","['LongHaulers', 'Stimulus', 'HelpLongHaulers', 'COVID19']",2021-07-01 15:26:11
111,rennymc33,"Boston, MA",922,73,2180,0,"@MSNBCDaily @MSNBC @speechboy71 Please help us #LongHaulers financially with #Stimulus money. We are the forgotten ones who are debilitated, struggling in so many ways and can‚Äôt work. #HelpLongHaulers #COVID19 @POTUS @VP @Surgeon_General @SocialSecurity @CDCDirector @CDCgov @IRSnews @AOC","['LongHaulers', 'Stimulus', 'HelpLongHaulers', 'COVID19']",2021-07-01 15:26:02
112,rennymc33,"Boston, MA",922,73,2180,0,"@MSNBC @MaddowBlog Please help us #LongHaulers financially with #Stimulus money. We are the forgotten ones who are debilitated, struggling in so many ways and can‚Äôt work. #HelpLongHaulers #COVID19 @POTUS @VP @Surgeon_General @SocialSecurity @CDCDirector @CDCgov @IRSnews @AOC","['LongHaulers', 'Stimulus', 'HelpLongHaulers', 'COVID19']",2021-07-01 15:25:39
117,rennymc33,"Boston, MA",922,73,2180,0,"@CDCEnvironment @CDCemergency @CDCgov Please help us #LongHaulers financially with #Stimulus money. We are the forgotten ones who are debilitated, struggling in so many ways and can‚Äôt work. #HelpLongHaulers #COVID19 @POTUS @VP @Surgeon_General @SocialSecurity @CDCDirector @CDCgov @IRSnews @AOC","['LongHaulers', 'Stimulus', 'HelpLongHaulers', 'COVID19']",2021-07-01 15:22:56
118,rennymc33,"Boston, MA",922,73,2180,0,"@CDCEnvironment @CDCemergency Please help us #LongHaulers financially with #Stimulus money. We are the forgotten ones who are debilitated, struggling in so many ways and can‚Äôt work. #HelpLongHaulers #COVID19 @POTUS @VP @Surgeon_General @SocialSecurity @CDCDirector @CDCgov @IRSnews @AOC","['LongHaulers', 'Stimulus', 'HelpLongHaulers', 'COVID19']",2021-07-01 15:22:38
119,rennymc33,"Boston, MA",922,73,2180,0,"@CDCgov @CDCemergency Please help us #LongHaulers financially with #Stimulus money. We are the forgotten ones who are debilitated, struggling in so many ways and can‚Äôt work. #HelpLongHaulers #COVID19 @POTUS @VP @Surgeon_General @SocialSecurity @CDCDirector @CDCgov @IRSnews @AOC","['LongHaulers', 'Stimulus', 'HelpLongHaulers', 'COVID19']",2021-07-01 15:22:27
120,rennymc33,"Boston, MA",922,73,2180,0,"@CDCemergency Please help us #LongHaulers financially with #Stimulus money. We are the forgotten ones who are debilitated, struggling in so many ways and can‚Äôt work. #HelpLongHaulers #COVID19 @POTUS @VP @Surgeon_General @SocialSecurity @CDCDirector @CDCgov @IRSnews @AOC","['LongHaulers', 'Stimulus', 'HelpLongHaulers', 'COVID19']",2021-07-01 15:22:14
121,rennymc33,"Boston, MA",922,73,2180,0,"@CDCemergency @RedCross Please help us #LongHaulers financially with #Stimulus money. We are the forgotten ones who are debilitated, struggling in so many ways and can‚Äôt work. #HelpLongHaulers #COVID19 @POTUS @VP @Surgeon_General @SocialSecurity @CDCDirector @CDCgov @IRSnews @AOC","['LongHaulers', 'Stimulus', 'HelpLongHaulers', 'COVID19']",2021-07-01 15:21:57
123,viralvideovlogs,‡¥ï‡µá‡¥∞‡¥≥‡¥Ç,4554,6971,789000,1,"@CDCemergency Please help us #LongHaulers financially with #Stimulus money. We are the forgotten ones who are debilitated, struggling in so many ways and can‚Äôt work. #HelpLongHaulers #COVID19 @POTUS @VP @Surgeon_General @SocialSecurity @CDCDirector @CDCgov @IRSnews @AOC","['LongHaulers', 'Stimulus']",2021-07-01 15:21:35
126,rennymc33,"Boston, MA",922,73,2180,0,"@LeezaGibbons @RedCross Please help us #LongHaulers financially with #Stimulus money. We are the forgotten ones who are debilitated, struggling in so many ways and can‚Äôt work. #HelpLongHaulers #COVID19 @POTUS @VP @Surgeon_General @SocialSecurity @CDCDirector @CDCgov @IRSnews @AOC","['LongHaulers', 'Stimulus', 'HelpLongHaulers', 'COVID19']",2021-07-01 15:21:00
127,rennymc33,"Boston, MA",922,73,2180,0,"@RedCross Please help us #LongHaulers financially with #Stimulus money. We are the forgotten ones who are debilitated, struggling in so many ways and can‚Äôt work. #HelpLongHaulers #COVID19 @POTUS @VP @Surgeon_General @SocialSecurity @CDCDirector @CDCgov @IRSnews @AOC","['LongHaulers', 'Stimulus', 'HelpLongHaulers', 'COVID19']",2021-07-01 15:20:36
128,rennymc33,"Boston, MA",922,73,2180,0,"@CDC_DRH @CDCemergency Please help us #LongHaulers financially with #Stimulus money. We are the forgotten ones who are debilitated, struggling in so many ways and can‚Äôt work. #HelpLongHaulers #COVID19 @POTUS @VP @Surgeon_General @SocialSecurity @CDCDirector @CDCgov @IRSnews @AOC","['LongHaulers', 'Stimulus', 'HelpLongHaulers', 'COVID19']",2021-07-01 15:20:13
129,rennymc33,"Boston, MA",922,73,2180,0,"@CDC_NCEZID @CDCemergency Please help us #LongHaulers financially with #Stimulus money. We are the forgotten ones who are debilitated, struggling in so many ways and can‚Äôt work. #HelpLongHaulers #COVID19 @POTUS @VP @Surgeon_General @SocialSecurity @CDCDirector @CDCgov @IRSnews @AOC","['LongHaulers', 'Stimulus', 'HelpLongHaulers', 'COVID19']",2021-07-01 15:20:05
132,rennymc33,"Boston, MA",922,73,2180,0,"@CDCgov Please help us #LongHaulers financially with #Stimulus money. We are the forgotten ones who are debilitated, struggling in so many ways and can‚Äôt work. #HelpLongHaulers #COVID19 @POTUS @VP @Surgeon_General @SocialSecurity @CDCDirector @CDCgov @IRSnews @AOC","['LongHaulers', 'Stimulus', 'HelpLongHaulers', 'COVID19']",2021-07-01 15:19:27
171,DomVR,TX/Mexico/Atlantic margin,2750,400,4445,2,"#EIA Seg 1

-#US #oil &amp; refined product storage breakdown
-#Crude imports, implied demand, &amp; #refinery runs
-Global storage summary: onshore &amp; offshore
-Mobility &amp; #COVID19 update

https://t.co/IGLC02Nfg0

#OOTT #EFT #energy #economy #stimulus #inflation #travel #vaccine #Asia","['EIA', 'US', 'oil', 'Crude', 'refinery']",2021-07-01 08:21:24
